Tidspunkt,Luftfuktighet (%),pressure,temperature_aht20,temperature_bmp280,tvoc
2025-02-11 09:00:00+00:00,23.058358,103.81045,19.384174,19.064306,1.1
2025-02-24 08:00:00+00:00,38.309145,100.56495,22.5791,22.3139,12.0
2025-02-24 09:00:00+00:00,46.8996,100.5399,16.98875,16.63357,0.0
2025-02-24 10:00:00+00:00,48.06938,100.5174,16.48712,16.14593,0.0
2025-02-24 11:00:00+00:00,48.08102,100.5018,16.72916,16.39102,0.0
2025-02-24 12:00:00+00:00,47.39771,100.4857,16.54472,16.17365,0.0
2025-02-24 13:00:00+00:00,47.64996,100.4555,16.3187,15.92289,0.0
2025-02-24 14:00:00+00:00,47.1941,100.4273,16.16535,15.7975,0.0
2025-02-24 15:00:00+00:00,47.13688,100.4003,15.85827,15.52906,0.0
2025-02-24 16:00:00+00:00,45.33482,100.3557,16.9281,16.57939,0.0
2025-02-24 17:00:00+00:00,44.07253,100.3395,17.74712,17.41909,0.0
2025-02-24 18:00:00+00:00,44.46344,100.3214,17.81178,17.48333,0.0
2025-02-24 19:00:00+00:00,42.99183,100.3144,18.0418,17.73275,0.0
2025-02-24 20:00:00+00:00,42.40561,100.2797,17.87968,17.58222,0.0
2025-02-24 21:00:00+00:00,40.63091,100.2588,18.40343,18.09111,0.0
2025-02-24 22:00:00+00:00,39.42385,100.2592,18.67657,18.37954,0.0
2025-02-24 23:00:00+00:00,38.66911,100.2541,18.76621,18.46707,0.0
2025-02-25 00:00:00+00:00,38.35058,100.2592,18.64719,18.35057,0.0
2025-02-25 01:00:00+00:00,37.60757,100.2544,18.71414,18.44377,0.0
2025-02-25 02:00:00+00:00,37.55617,100.2556,18.67027,18.39465,0.0
2025-02-25 03:00:00+00:00,37.27589,100.27,18.55965,18.26366,0.0
2025-02-25 04:00:00+00:00,36.8413,100.2954,18.61172,18.31089,0.0
2025-02-25 05:00:00+00:00,38.08012,100.334,17.15336,16.78035,0.0
2025-02-25 06:00:00+00:00,38.97524,100.3632,16.62369,16.29273,0.0
2025-02-25 07:00:00+00:00,39.83021,100.4162,15.81268,15.40555,0.0
2025-02-25 08:00:00+00:00,41.80841,100.4821,16.22047,15.8561,0.0
2025-02-25 09:00:00+00:00,41.3434,100.4896,16.13102,15.78112,0.0
2025-02-25 10:00:00+00:00,40.68651,100.5231,16.15353,15.78616,0.0
2025-02-25 11:00:00+00:00,40.79885,100.5566,16.34502,16.01614,1.0
2025-02-25 12:00:00+00:00,42.24529,100.5494,16.65249,16.32486,1.0
2025-02-25 13:00:00+00:00,42.68799,100.5135,16.96053,16.62853,0.0
2025-02-25 14:00:00+00:00,43.8962,100.4949,17.07916,16.74633,0.0
2025-02-25 15:00:00+00:00,39.53409,100.4847,18.17303,17.84675,0.0
2025-02-25 16:00:00+00:00,36.61613,100.464,19.01703,18.7435,0.0
2025-02-25 17:00:00+00:00,36.10563,100.4443,19.11545,18.84488,0.0
2025-02-25 18:00:00+00:00,35.88991,100.4795,19.13147,18.84866,0.0
2025-02-25 19:00:00+00:00,35.78815,100.4915,19.03362,18.78066,0.0
2025-02-25 20:00:00+00:00,35.53629,100.5025,18.96591,18.67802,0.0
2025-02-25 21:00:00+00:00,34.10139,100.5188,19.71226,19.4298,0.0
2025-02-25 22:00:00+00:00,32.96757,100.5565,20.23468,19.96365,0.0
2025-02-25 23:00:00+00:00,32.8125,100.5715,20.3949,20.16509,0.0
2025-02-26 00:00:00+00:00,32.46593,100.6065,20.54768,20.31301,0.0
2025-02-26 01:00:00+00:00,32.37343,100.6108,20.44697,20.21608,0.0
2025-02-26 02:00:00+00:00,32.21159,100.6237,20.49961,20.23748,0.0
2025-02-26 03:00:00+00:00,32.18527,100.63,20.50667,20.25447,0.0
2025-02-26 04:00:00+00:00,31.77423,100.6265,20.4937,20.22615,0.0
2025-02-26 05:00:00+00:00,38.71202,100.6525,17.76123,17.42854,1.0
2025-02-26 06:00:00+00:00,30.9639,100.7054,18.03589,17.67985,0.0
2025-02-26 07:00:00+00:00,35.90679,100.7371,16.71181,16.31604,1.0
2025-02-26 08:00:00+00:00,35.40897,100.7948,17.39616,17.02666,0.0
2025-02-26 09:00:00+00:00,35.33726,100.8391,17.32483,16.99579,0.0
2025-02-26 10:00:00+00:00,34.96628,100.854,17.64107,17.29059,0.0
2025-02-26 11:00:00+00:00,35.18372,100.8833,17.67406,17.30571,0.0
2025-02-26 12:00:00+00:00,35.12402,100.8737,18.18848,17.86879,0.0
2025-02-26 13:00:00+00:00,36.17725,100.863,18.45036,18.13897,0.0
2025-02-26 14:00:00+00:00,36.72094,100.8581,17.67578,17.33909,0.0
2025-02-26 15:00:00+00:00,38.94663,100.8575,16.94183,16.57309,0.0
2025-02-26 16:00:00+00:00,34.84879,100.858,18.75763,18.48344,0.0
2025-02-26 17:00:00+00:00,34.06658,100.8705,19.12804,18.84173,0.0
2025-02-26 18:00:00+00:00,34.09634,100.8964,19.12251,18.84677,0.0
2025-02-26 19:00:00+00:00,33.95357,100.9095,19.12956,18.86125,0.0
2025-02-26 20:00:00+00:00,34.05771,100.939,19.08092,18.76869,0.0
2025-02-26 21:00:00+00:00,32.65858,100.963,19.977,19.7194,0.0
2025-02-26 22:00:00+00:00,31.9829,101.0012,20.43877,20.18901,0.0
2025-02-26 23:00:00+00:00,31.82631,101.0143,20.67413,20.42569,0.0
2025-02-27 00:00:00+00:00,31.76146,101.0296,20.8231,20.59185,1.0
2025-02-27 01:00:00+00:00,31.76699,101.0275,20.69759,20.44646,1.0
2025-02-27 02:00:00+00:00,31.71635,101.0291,20.73269,20.49429,1.0
2025-02-27 03:00:00+00:00,31.6658,101.0403,20.73231,20.47541,1.0
2025-02-27 04:00:00+00:00,31.69212,101.0488,20.61234,20.40554,1.0
2025-02-27 05:00:00+00:00,33.4116,101.0643,18.48946,18.1629,0.0
2025-02-27 06:00:00+00:00,32.72781,101.128,17.92564,17.58789,0.0
2025-02-27 07:00:00+00:00,34.69858,101.1921,16.74404,16.38157,0.0
2025-02-27 08:00:00+00:00,35.55374,101.2407,17.71507,17.36366,1.0
2025-02-27 09:00:00+00:00,35.23417,101.2882,17.2987,16.9454,0.0
2025-02-27 10:00:00+00:00,34.4698,101.3324,17.5869,17.26854,0.0
2025-02-27 11:00:00+00:00,35.62689,101.3651,17.64851,17.31957,0.0
2025-02-27 12:00:00+00:00,33.42276,101.3748,17.82475,17.4827,0.0
2025-02-27 13:00:00+00:00,34.20734,101.3909,18.05496,17.73212,0.0
2025-02-27 14:00:00+00:00,33.43878,101.3671,18.78376,18.51493,0.0
2025-02-27 15:00:00+00:00,33.4486,101.3664,17.90161,17.58096,0.0
2025-02-27 16:00:00+00:00,31.86998,101.4007,18.71967,18.41984,0.0
2025-02-27 17:00:00+00:00,32.20806,101.4306,18.53485,18.2221,0.0
2025-02-27 18:00:00+00:00,32.95393,101.5048,18.00365,17.68803,0.0
2025-02-27 19:00:00+00:00,33.21819,101.5869,17.66281,17.32524,0.0
2025-02-27 20:00:00+00:00,33.38814,101.6445,17.4469,17.13375,0.0
2025-02-27 21:00:00+00:00,33.40874,101.6837,17.28878,16.99012,0.0
2025-02-27 22:00:00+00:00,32.96309,101.729,17.33685,17.02918,0.0
2025-02-27 23:00:00+00:00,32.59182,101.7558,17.37499,17.06382,0.0
2025-02-28 00:00:00+00:00,32.47232,101.7699,17.32712,17.00776,0.0
2025-02-28 01:00:00+00:00,32.24535,101.8265,17.39883,17.08713,0.0
2025-02-28 02:00:00+00:00,32.08151,101.8379,17.28935,16.97942,0.0
2025-02-28 03:00:00+00:00,31.98862,101.8496,17.32292,16.99957,0.0
2025-02-28 04:00:00+00:00,31.93951,101.914,17.22431,16.87799,0.0
2025-02-28 05:00:00+00:00,28.73154,101.9595,15.53059,15.12197,0.0
2025-02-28 06:00:00+00:00,25.45357,101.9789,15.53059,15.15159,0.0
2025-02-28 07:00:00+00:00,25.45853,102.012,15.84759,15.44904,0.0
2025-02-28 08:00:00+00:00,26.09386,102.093,15.99789,15.60594,0.0
2025-02-28 09:00:00+00:00,28.35245,102.1397,16.2014,15.8164,0.0
2025-02-28 10:00:00+00:00,29.46396,102.1805,15.7856,15.36648,0.0
2025-02-28 11:00:00+00:00,29.14553,102.1902,16.22791,15.8353,0.0
2025-02-28 12:00:00+00:00,27.72532,102.1634,16.8375,16.49623,0.0
2025-02-28 13:00:00+00:00,27.23122,102.1183,17.41066,17.04808,0.0
2025-02-28 14:00:00+00:00,26.20182,102.1006,17.7618,17.42538,0.0
2025-02-28 15:00:00+00:00,24.08724,102.1423,18.97125,18.6755,0.0
2025-02-28 16:00:00+00:00,24.1128,102.1535,19.71474,19.44302,0.0
2025-02-28 17:00:00+00:00,25.37966,102.1846,19.29054,18.99096,0.0
2025-02-28 18:00:00+00:00,26.52521,102.251,18.80016,18.50044,0.0
2025-02-28 19:00:00+00:00,27.47145,102.2922,18.32333,18.02687,1.0
2025-02-28 20:00:00+00:00,27.97022,102.2853,17.99679,17.67481,1.0
2025-02-28 21:00:00+00:00,28.06873,102.2875,17.94071,17.64583,1.0
2025-02-28 22:00:00+00:00,28.64218,102.2889,17.57393,17.26792,1.0
2025-02-28 23:00:00+00:00,28.82681,102.3125,17.53139,17.20366,1.0
2025-03-01 00:00:00+00:00,28.74489,102.2969,17.45567,17.15327,1.0
2025-03-01 01:00:00+00:00,28.67451,102.2944,17.36794,17.06382,1.0
2025-03-01 02:00:00+00:00,28.70502,102.2748,17.34123,17.0317,1.0
2025-03-01 03:00:00+00:00,28.67823,102.2489,17.15832,16.8572,1.0
2025-03-01 04:00:00+00:00,28.40567,102.2603,17.12952,16.80744,0.0
2025-03-01 05:00:00+00:00,28.14083,102.2594,17.16862,16.84272,0.0
2025-03-01 06:00:00+00:00,27.99387,102.2645,17.0927,16.78035,0.0
2025-03-01 07:00:00+00:00,27.64139,102.2757,17.23175,16.9139,0.0
2025-03-01 08:00:00+00:00,27.36969,102.2605,17.37537,17.07327,0.0
2025-03-01 09:00:00+00:00,26.75629,102.279,17.87643,17.56144,0.0
2025-03-01 10:00:00+00:00,26.45483,102.2603,18.37215,18.06592,0.0
2025-03-01 11:00:00+00:00,26.32294,102.2369,18.69392,18.3915,0.0
2025-03-01 12:00:00+00:00,25.98076,102.1688,19.2173,18.92233,0.0
2025-03-01 13:00:00+00:00,25.92678,102.104,19.49635,19.2063,0.0
2025-03-01 14:00:00+00:00,25.58641,102.0776,20.21751,19.96051,0.0
2025-03-01 15:00:00+00:00,24.87278,102.0398,21.0022,20.76494,0.0
2025-03-01 16:00:00+00:00,25.17509,101.9997,21.01498,20.75613,0.0
2025-03-01 17:00:00+00:00,25.47894,102.0298,21.00582,20.76683,0.0
2025-03-01 18:00:00+00:00,25.79594,102.0579,20.75539,20.49681,0.0
2025-03-01 19:00:00+00:00,26.10407,102.0099,20.50819,20.26706,0.0
2025-03-01 20:00:00+00:00,26.24435,102.047,20.36819,20.12481,0.0
2025-03-01 21:00:00+00:00,26.52645,102.0474,20.04452,19.80564,0.0
2025-03-01 22:00:00+00:00,26.3689,102.0877,20.08247,19.83964,0.0
2025-03-01 23:00:00+00:00,26.13201,102.079,20.14847,19.9007,0.0
2025-03-02 00:00:00+00:00,26.19724,102.0399,19.99969,19.75214,0.0
2025-03-02 02:00:00+00:00,26.09472,102.052,19.93847,19.69107,0.0
2025-03-02 03:00:00+00:00,26.03149,101.9402,19.99531,19.76599,0.0
2025-03-02 04:00:00+00:00,25.56763,101.8631,20.47882,20.18586,0.0
2025-03-02 05:00:00+00:00,25.34342,101.7863,20.67509,20.43387,0.0
2025-03-02 06:00:00+00:00,25.32482,101.7795,20.66326,20.41184,0.0
2025-03-02 07:00:00+00:00,27.31476,101.6899,19.04449,18.75232,0.0
2025-03-02 08:00:00+00:00,28.55577,101.7252,18.09711,17.75605,0.0
2025-03-02 09:00:00+00:00,28.56445,101.7233,18.04924,17.7422,0.0
2025-03-02 10:00:00+00:00,28.44915,101.6842,18.14575,17.82911,0.0
2025-03-02 11:00:00+00:00,28.02553,101.6544,18.51921,18.19439,0.0
2025-03-02 12:00:00+00:00,27.67677,101.6405,18.87074,18.55712,0.0
2025-03-02 13:00:00+00:00,27.1369,101.5758,19.41223,19.09989,0.0
2025-03-02 14:00:00+00:00,26.86396,101.5175,19.8164,19.5022,0.0
2025-03-02 15:00:00+00:00,26.73645,101.5082,19.96574,19.6703,0.0
2025-03-02 16:00:00+00:00,26.47133,101.4811,20.21713,19.91392,0.0
2025-03-02 17:00:00+00:00,27.08549,101.4047,19.88106,19.5702,0.0
2025-03-02 18:00:00+00:00,27.38304,101.3413,19.61174,19.30011,0.0
2025-03-02 19:00:00+00:00,27.68745,101.325,19.40498,19.10052,0.0
2025-03-02 20:00:00+00:00,27.56596,101.2434,19.47365,19.16978,0.0
2025-03-02 21:00:00+00:00,26.95093,101.209,19.93294,19.64763,0.0
2025-03-02 22:00:00+00:00,26.08023,101.1795,20.70732,20.45464,0.0
2025-03-02 23:00:00+00:00,25.75903,101.1654,21.0638,20.84298,0.0
2025-03-03 00:00:00+00:00,25.79556,101.1085,20.98408,20.73095,0.0
2025-03-03 01:00:00+00:00,25.98753,101.0607,20.88737,20.65354,0.0
2025-03-03 02:00:00+00:00,25.98228,101.012,20.75558,20.50499,0.0
2025-03-03 03:00:00+00:00,25.9325,100.9373,20.6459,20.41813,0.0
2025-03-03 04:00:00+00:00,25.79803,100.8699,20.89405,20.62207,0.0
2025-03-03 05:00:00+00:00,25.81701,100.8291,20.67509,20.42002,0.0
2025-03-03 06:00:00+00:00,27.50072,100.7765,17.89246,17.54695,0.0
2025-03-03 07:00:00+00:00,29.08325,100.8043,16.7572,16.39354,0.0
2025-03-03 08:00:00+00:00,30.72739,100.7865,17.2205,16.89248,1.0
2025-03-03 09:00:00+00:00,31.01711,100.7781,17.5106,17.17532,1.0
2025-03-03 10:00:00+00:00,31.69565,100.7679,17.75494,17.38759,0.0
2025-03-03 11:00:00+00:00,29.28019,100.7638,18.38188,18.03065,0.0
2025-03-03 12:00:00+00:00,28.09849,100.7335,18.67027,18.37072,1.0
2025-03-03 13:00:00+00:00,23.34461,100.7653,21.55628,21.36345,0.0
2025-03-03 14:00:00+00:00,21.66634,100.7813,22.65224,22.45892,0.0
2025-03-03 15:00:00+00:00,20.80278,100.7309,22.90344,22.71623,0.0
2025-03-03 16:00:00+00:00,20.29657,100.6861,23.45562,23.29057,0.0
2025-03-03 17:00:00+00:00,21.3376,100.6389,23.04153,22.82507,0.0
2025-03-03 18:00:00+00:00,21.80309,100.651,22.88113,22.72441,0.0
2025-03-03 19:00:00+00:00,22.16873,100.6664,23.33431,23.18552,0.0
2025-03-03 20:00:00+00:00,22.41697,100.6502,23.5918,23.42581,0.0
2025-03-03 21:00:00+00:00,22.43881,100.5741,23.32878,23.17986,0.0
2025-03-03 22:00:00+00:00,22.28775,100.5371,23.47126,23.31699,0.0
2025-03-03 23:00:00+00:00,19.9995,100.5434,25.95158,25.86188,0.0
2025-03-04 00:00:00+00:00,20.83311,100.5274,25.32234,25.20238,0.0
2025-03-04 01:00:00+00:00,20.78304,100.4874,25.59528,25.47965,0.0
2025-03-04 02:00:00+00:00,20.49551,100.4376,25.81501,25.69466,0.0
2025-03-04 03:00:00+00:00,20.36524,100.4353,26.10741,26.03727,0.0
2025-03-04 04:00:00+00:00,20.47701,100.3849,26.1158,26.00396,0.0
2025-03-04 05:00:00+00:00,20.4567,100.4006,26.09921,25.9983,0.0
2025-03-04 06:00:00+00:00,21.80376,100.3688,22.81818,22.62123,0.0
2025-03-04 07:00:00+00:00,26.43051,100.3777,19.39487,19.08163,0.0
2025-03-04 08:00:00+00:00,28.0304,100.4066,19.64817,19.30011,0.0
2025-03-04 09:00:00+00:00,29.00143,100.4216,18.73569,18.35246,0.0
2025-03-04 10:00:00+00:00,29.29506,100.4403,18.94588,18.61064,0.0
2025-03-04 11:00:00+00:00,30.73244,100.4431,18.27564,17.8921,0.0
2025-03-04 12:00:00+00:00,30.2146,100.4874,19.0239,18.65976,1.0
2025-03-04 13:00:00+00:00,29.04043,100.5139,18.87417,18.508,0.0
2025-03-04 14:00:00+00:00,32.02972,100.4504,17.89742,17.48144,0.0
2025-03-04 15:00:00+00:00,34.22823,100.413,18.44711,18.09174,1.0
2025-03-04 16:00:00+00:00,31.94704,100.3976,19.27242,18.94563,0.0
2025-03-04 17:00:00+00:00,31.79817,100.3582,19.22264,18.88959,0.0
2025-03-04 18:00:00+00:00,32.02572,100.2328,18.92643,18.57727,0.0
2025-03-04 19:00:00+00:00,32.32203,100.1123,18.74256,18.43054,0.0
2025-03-04 20:00:00+00:00,32.03306,99.96999,18.76602,18.42865,1.0
2025-03-04 21:00:00+00:00,31.84786,99.9028,18.96038,18.62008,1.0
2025-03-04 22:00:00+00:00,31.91328,99.77406,18.9949,18.67802,1.0
2025-03-04 23:00:00+00:00,31.71778,99.71111,19.1288,18.78506,1.0
2025-03-05 00:00:00+00:00,31.64473,99.67229,19.22207,18.87825,1.0
2025-03-05 01:00:00+00:00,31.73876,99.64766,19.17896,18.86566,1.0
2025-03-05 02:00:00+00:00,32.00493,99.62761,19.07806,18.75547,1.0
2025-03-05 03:00:00+00:00,32.21445,99.57578,19.14101,18.82222,1.0
2025-03-05 04:00:00+00:00,32.26023,99.5241,19.08092,18.76239,1.0
2025-03-05 05:00:00+00:00,34.20753,99.5489,18.61897,18.24603,0.0
2025-03-05 06:00:00+00:00,37.11252,99.50599,17.50546,17.17784,0.0
2025-03-05 07:00:00+00:00,37.31737,99.47296,17.17243,16.77909,0.0
2025-03-05 08:00:00+00:00,37.72831,99.48514,17.81216,17.46003,0.0
2025-03-05 09:00:00+00:00,37.02517,99.55949,18.19553,17.84612,0.0
2025-03-05 10:00:00+00:00,39.47563,99.54034,18.2003,17.87509,1.0
2025-03-05 11:00:00+00:00,39.72311,99.54136,18.77651,18.45384,0.0
2025-03-05 12:00:00+00:00,40.33442,99.50234,19.48471,19.19118,0.0
2025-03-05 13:00:00+00:00,39.39314,99.48987,20.07675,19.81887,0.0
2025-03-05 14:00:00+00:00,39.89868,99.52687,19.67659,19.38573,0.0
2025-03-05 15:00:00+00:00,40.93142,99.5425,19.34338,19.05519,0.0
2025-03-05 16:00:00+00:00,38.05685,99.6165,19.99893,19.73892,0.0
2025-03-05 17:00:00+00:00,37.39996,99.68396,20.13702,19.86608,0.0
2025-03-05 18:00:00+00:00,37.2077,99.68259,19.95449,19.70429,0.0
2025-03-05 19:00:00+00:00,37.27875,99.71515,19.65523,19.39832,1.0
2025-03-05 20:00:00+00:00,37.36877,99.69305,19.46144,19.18174,1.0
2025-03-05 21:00:00+00:00,36.86228,99.71735,19.6825,19.40399,1.0
2025-03-05 22:00:00+00:00,36.51114,99.72709,19.75613,19.47954,1.0
2025-03-05 23:00:00+00:00,36.34739,99.76525,19.76509,19.48584,1.0
2025-03-06 00:00:00+00:00,35.83746,99.82252,20.04414,19.76976,1.0
2025-03-06 01:00:00+00:00,35.92482,99.83205,19.96078,19.71247,1.0
2025-03-06 02:00:00+00:00,35.78787,99.78675,20.10632,19.8302,1.0
2025-03-06 03:00:00+00:00,35.56032,99.78736,20.18528,19.92525,1.0
2025-03-06 04:00:00+00:00,36.01408,99.83192,19.83776,19.58216,1.0
2025-03-06 05:00:00+00:00,39.19172,99.83753,18.78529,18.49414,0.0
2025-03-06 06:00:00+00:00,41.04843,99.87742,18.10799,17.81085,0.0
2025-03-06 07:00:00+00:00,42.3192,99.95216,17.47208,17.14256,0.0
2025-03-06 08:00:00+00:00,41.94174,100.025,18.56709,18.28382,1.0
2025-03-06 09:00:00+00:00,41.21847,100.1144,18.96095,18.65283,0.0
2025-03-06 10:00:00+00:00,39.53562,100.1738,19.47308,19.20252,0.0
2025-03-06 11:00:00+00:00,38.26952,100.1974,19.61536,19.34103,0.0
2025-03-06 12:00:00+00:00,37.23164,100.2332,19.91177,19.6703,0.0
2025-03-06 13:00:00+00:00,36.15503,100.2572,20.45879,20.21671,0.0
2025-03-06 14:00:00+00:00,36.91769,100.2823,21.19923,21.01921,0.0
2025-03-06 15:00:00+00:00,35.08339,100.3159,21.07868,20.84109,0.0
2025-03-06 16:00:00+00:00,37.47711,100.3458,21.0392,20.76809,1.0
2025-03-06 17:00:00+00:00,38.88931,100.4219,20.60528,20.35959,1.0
2025-03-06 18:00:00+00:00,40.07225,100.4405,20.18242,19.91959,1.0
2025-03-06 19:00:00+00:00,40.70749,100.5335,19.86465,19.60167,1.0
2025-03-06 20:00:00+00:00,40.61489,100.5607,19.40708,19.16348,1.0
2025-03-06 21:00:00+00:00,40.76519,100.6378,18.93311,18.64338,1.0
2025-03-06 22:00:00+00:00,40.56044,100.705,18.33534,18.04073,1.0
2025-03-06 23:00:00+00:00,40.58828,100.768,17.93575,17.65969,1.0
2025-03-07 00:00:00+00:00,40.00587,100.8137,17.53826,17.24083,1.0
2025-03-07 01:00:00+00:00,40.17277,100.8279,17.37728,17.09721,1.0
2025-03-07 02:00:00+00:00,39.58941,100.8487,17.13333,16.81248,1.0
2025-03-07 03:00:00+00:00,39.31408,100.8613,16.8932,16.55545,1.0
2025-03-07 04:00:00+00:00,38.74989,100.8413,16.7717,16.4074,1.0
2025-03-07 05:00:00+00:00,35.04906,100.8406,14.75506,14.35243,0.0
2025-03-07 06:00:00+00:00,33.85458,100.8679,15.40394,14.97513,0.0
2025-03-07 07:00:00+00:00,35.01329,100.9047,15.84702,15.46794,0.0
2025-03-07 08:00:00+00:00,36.74717,100.939,16.14323,15.77859,0.0
2025-03-07 09:00:00+00:00,42.40246,100.9616,15.15579,14.76085,0.0
2025-03-07 10:00:00+00:00,53.00341,100.9736,13.2391,12.85707,0.0
2025-03-07 11:00:00+00:00,43.12363,100.9784,16.87412,16.53088,0.0
2025-03-07 12:00:00+00:00,50.5558,100.9547,14.95094,14.57618,0.0
2025-03-07 13:00:00+00:00,44.4808,100.9123,17.06142,16.74381,0.0
2025-03-07 14:00:00+00:00,45.97454,100.8754,16.80012,16.48867,0.0
2025-03-07 15:00:00+00:00,44.9048,100.8564,17.25292,16.96177,0.0
2025-03-07 16:00:00+00:00,42.0826,100.8598,18.08968,17.80518,0.0
2025-03-07 17:00:00+00:00,41.1622,100.8413,18.27698,17.99853,0.0
2025-03-07 18:00:00+00:00,41.00027,100.8812,18.1612,17.90343,1.0
2025-03-07 19:00:00+00:00,40.42845,100.9532,18.30158,18.02309,1.0
2025-03-07 20:00:00+00:00,40.42778,101.0087,18.15586,17.87068,1.0
2025-03-07 21:00:00+00:00,40.21902,101.1073,18.25562,17.95382,1.0
2025-03-07 22:00:00+00:00,40.21635,101.1524,18.18161,17.91729,1.0
2025-03-07 23:00:00+00:00,40.27071,101.1973,18.04295,17.77684,1.0
2025-03-08 00:00:00+00:00,40.28692,101.2339,17.80205,17.49278,1.0
2025-03-08 01:00:00+00:00,40.22026,101.2729,17.53311,17.25784,1.0
2025-03-08 02:00:00+00:00,40.2668,101.3224,17.43755,17.17406,1.0
2025-03-08 03:00:00+00:00,40.03048,101.3317,17.27924,17.00272,1.0
2025-03-08 04:00:00+00:00,39.69336,101.3793,17.34657,17.0569,1.0
2025-03-08 05:00:00+00:00,39.27402,101.409,17.21039,16.92335,0.0
2025-03-08 06:00:00+00:00,39.0296,101.4287,17.276,16.9876,0.0
2025-03-08 07:00:00+00:00,38.8196,101.4606,17.24968,16.94855,0.0
2025-03-08 08:00:00+00:00,38.5004,101.5139,17.39254,17.05753,0.0
2025-03-08 09:00:00+00:00,37.87727,101.5923,17.56077,17.25973,0.0
2025-03-08 10:00:00+00:00,37.22191,101.6378,17.91267,17.62568,1.0
2025-03-08 11:00:00+00:00,36.94172,101.6645,18.02483,17.74409,1.0
2025-03-08 12:00:00+00:00,36.61003,101.6611,18.28709,18.03128,1.0
2025-03-08 13:00:00+00:00,36.35206,101.593,18.53142,18.25296,1.0
2025-03-08 14:00:00+00:00,35.84213,101.5684,18.73455,18.44062,1.0
2025-03-08 15:00:00+00:00,35.47812,101.5612,18.99719,18.68557,1.0
2025-03-08 16:00:00+00:00,35.57482,101.5308,18.83621,18.56026,1.0
2025-03-08 17:00:00+00:00,35.48212,101.5055,18.90736,18.64338,1.0
2025-03-08 18:00:00+00:00,35.85358,101.5063,18.47515,18.17865,1.0
2025-03-08 19:00:00+00:00,36.06663,101.5303,17.98935,17.67922,1.0
2025-03-08 20:00:00+00:00,36.34329,101.5392,18.02464,17.71638,1.0
2025-03-08 21:00:00+00:00,36.11012,101.5386,18.16521,17.84738,1.0
2025-03-08 22:00:00+00:00,35.95867,101.5149,18.16921,17.89461,1.0
2025-03-08 23:00:00+00:00,36.01084,101.4739,18.1942,17.90784,1.0
2025-03-09 00:00:00+00:00,35.96983,101.457,18.22338,17.94185,1.0
2025-03-09 01:00:00+00:00,35.87589,101.4317,18.18008,17.90469,1.0
2025-03-09 02:00:00+00:00,35.97126,101.3701,18.17551,17.87257,1.0
2025-03-09 03:00:00+00:00,36.14607,101.3251,18.0294,17.73968,1.0
2025-03-09 04:00:00+00:00,36.23886,101.2795,17.91439,17.62379,1.0
2025-03-09 05:00:00+00:00,36.15932,101.2399,17.90752,17.62253,1.0
2025-03-09 06:00:00+00:00,36.3306,101.2168,17.52357,17.23264,1.0
2025-03-09 07:00:00+00:00,36.71188,101.2266,17.26036,16.94603,1.0
2025-03-09 08:00:00+00:00,36.74955,101.209,17.29107,16.96556,1.0
2025-03-09 09:00:00+00:00,36.34901,101.1833,17.37728,17.06886,1.0
2025-03-09 10:00:00+00:00,35.97136,101.1422,17.59624,17.24713,1.0
2025-03-09 11:00:00+00:00,35.65826,101.0915,17.54704,17.25406,1.0
2025-03-09 12:00:00+00:00,35.10847,101.0255,18.01739,17.71008,1.0
2025-03-09 13:00:00+00:00,35.11896,100.9765,18.13393,17.81841,1.0
2025-03-09 14:00:00+00:00,34.70354,100.9099,18.38665,18.08166,1.0
2025-03-09 15:00:00+00:00,34.75103,100.8256,18.41755,18.1333,1.0
2025-03-09 16:00:00+00:00,35.34775,100.7682,18.20698,17.90973,1.0
2025-03-09 17:00:00+00:00,35.69679,100.7205,17.976,17.68551,1.0
2025-03-09 18:00:00+00:00,35.98385,100.7111,17.85698,17.55703,1.0
2025-03-09 19:00:00+00:00,36.30457,100.6803,17.67025,17.37311,1.0
2025-03-09 20:00:00+00:00,36.4212,100.6609,17.67902,17.35043,1.0
2025-03-09 21:00:00+00:00,36.32708,100.6545,17.61971,17.33657,1.0
2025-03-09 22:00:00+00:00,36.18212,100.6271,17.59186,17.31453,1.0
2025-03-09 23:00:00+00:00,36.22026,100.5904,17.49439,17.18729,1.0
2025-03-10 00:00:00+00:00,36.18231,100.539,17.39864,17.10414,1.0
2025-03-10 01:00:00+00:00,35.85014,100.4748,17.12761,16.82886,1.0
2025-03-10 02:00:00+00:00,35.96859,100.4091,17.11006,16.79484,1.0
2025-03-10 03:00:00+00:00,36.03506,100.3633,17.01775,16.6909,0.0
2025-03-10 04:00:00+00:00,35.72645,100.3162,17.09194,16.7772,0.0
2025-03-10 05:00:00+00:00,37.32777,100.2863,14.59694,14.11542,0.0
2025-03-10 06:00:00+00:00,37.23345,100.2742,14.46114,14.03411,0.0
2025-03-10 07:00:00+00:00,37.63313,100.2766,16.24603,15.91974,0.0
2025-03-10 08:00:00+00:00,37.63037,100.2985,16.10298,15.76536,0.0
2025-03-10 09:00:00+00:00,37.55283,100.2929,16.6975,16.36897,0.0
2025-03-10 11:00:00+00:00,38.69734,100.2975,17.38396,17.05375,0.0
2025-03-10 12:00:00+00:00,38.49192,100.3145,17.34562,17.01784,0.0
2025-03-10 13:00:00+00:00,38.40256,100.3242,17.37518,17.0254,0.0
2025-03-10 14:00:00+00:00,38.12027,100.3201,17.18216,16.85658,0.0
2025-03-10 15:00:00+00:00,37.54835,100.2997,16.9714,16.63861,0.0
2025-03-10 16:00:00+00:00,37.1315,100.3121,16.66908,16.33053,0.0
2025-03-10 17:00:00+00:00,36.9319,100.3305,16.30802,15.9588,0.0
2025-03-10 18:00:00+00:00,35.74009,100.3388,16.3969,16.03441,0.0
2025-03-10 19:00:00+00:00,35.27031,100.3382,16.68873,16.3677,0.0
2025-03-10 20:00:00+00:00,35.86931,100.3856,16.68015,16.33747,0.0
2025-03-10 21:00:00+00:00,36.11364,100.3895,16.5617,16.20579,0.0
2025-03-10 22:00:00+00:00,36.64017,100.4072,16.46957,16.10561,0.0
2025-03-10 23:00:00+00:00,36.35454,100.4244,16.47816,16.14404,0.0
2025-03-11 00:00:00+00:00,36.57303,100.406,16.36238,16.01866,0.0
2025-03-11 01:00:00+00:00,36.40289,100.3832,16.2569,15.91281,0.0
2025-03-11 02:00:00+00:00,36.50465,100.3474,16.08601,15.75339,0.0
2025-03-11 03:00:00+00:00,36.44505,100.2929,15.90786,15.57255,0.0
2025-03-11 04:00:00+00:00,36.40871,100.2484,15.95554,15.59145,0.0
2025-03-11 05:00:00+00:00,36.36637,100.2033,15.87086,15.50638,0.0
2025-03-11 06:00:00+00:00,32.28455,100.187,15.8205,15.44147,0.0
2025-03-11 07:00:00+00:00,34.02424,100.1565,15.70415,15.29527,0.0
2025-03-11 08:00:00+00:00,35.31818,100.1639,15.67478,15.29212,0.0
2025-03-11 09:00:00+00:00,35.53934,100.1559,15.92655,15.54167,0.0
2025-03-11 10:00:00+00:00,31.30655,100.1336,16.38813,15.99976,0.0
2025-03-11 11:00:00+00:00,31.50301,100.1068,16.43009,16.04827,0.0
2025-03-11 12:00:00+00:00,33.37975,100.0817,16.55502,16.21272,0.0
2025-03-11 13:00:00+00:00,32.52831,100.0313,16.4238,16.09301,0.0
2025-03-11 14:00:00+00:00,32.3348,99.96562,16.44955,16.08167,0.0
2025-03-11 15:00:00+00:00,33.29773,99.92923,16.8045,16.44457,0.0
2025-03-11 16:00:00+00:00,31.44693,99.91328,16.41884,16.05268,0.0
2025-03-11 17:00:00+00:00,31.95314,99.91142,16.51917,16.14782,0.0
2025-03-11 18:00:00+00:00,32.42617,99.89821,16.5617,16.19319,0.0
2025-03-11 19:00:00+00:00,32.81517,99.91821,16.45241,16.09679,0.0
2025-03-11 20:00:00+00:00,33.07886,99.91862,16.45546,16.11821,0.0
2025-03-11 21:00:00+00:00,33.21552,99.91528,16.53862,16.1894,0.0
2025-03-11 22:00:00+00:00,33.02116,99.89641,16.62636,16.27824,0.0
2025-03-11 23:00:00+00:00,32.85627,99.884,16.59489,16.23855,0.0
2025-03-12 00:00:00+00:00,33.34112,99.87929,16.66946,16.31982,0.0
2025-03-12 01:00:00+00:00,33.33158,99.84933,16.78772,16.41559,0.0
2025-03-12 02:00:00+00:00,33.06265,99.84865,16.63761,16.32927,0.0
2025-03-12 03:00:00+00:00,33.34923,99.83883,16.94736,16.6216,0.0
2025-03-12 04:00:00+00:00,32.85284,99.85485,17.03186,16.68649,0.0
2025-03-12 05:00:00+00:00,32.96957,99.85066,16.71772,16.38408,0.0
2025-03-12 06:00:00+00:00,28.07293,99.88258,15.58113,15.16609,0.0
2025-03-12 07:00:00+00:00,28.74174,99.93402,15.55176,15.12701,0.0
2025-03-12 08:00:00+00:00,31.91204,99.9512,15.72762,15.3501,0.0
2025-03-12 09:00:00+00:00,30.13086,99.95819,16.84093,16.53151,0.0
2025-03-12 10:00:00+00:00,28.10869,99.96089,17.28935,16.95863,0.0
2025-03-12 11:00:00+00:00,34.8484,99.97057,17.88292,17.49215,1.0
